ID,Description,Count,Percentage,p.adjust
hsa04930,Type II diabetes mellitus,10,3.205128205128205,0.0012153214809834804
hsa04621,NOD-like receptor signaling pathway,19,6.089743589743589,0.0058514880959550835
hsa05164,Influenza A,17,5.448717948717949,0.013108069966904588
hsa05160,Hepatitis C,16,5.128205128205128,0.013108069966904588
hsa04380,Osteoclast differentiation,14,4.487179487179487,0.01755157098036768
hsa05169,Epstein-Barr virus infection,18,5.769230769230769,0.01755157098036768
hsa05221,Acute myeloid leukemia,9,2.8846153846153846,0.02597921509209547
hsa00051,Fructose and mannose metabolism,6,1.9230769230769231,0.043510001168998204
