ID,Description,Count,Percentage,p.adjust
hsa05332,Graft-versus-host disease,13,2.53411306042885,1.15760368046513e-4
hsa04650,Natural killer cell mediated cytotoxicity,24,4.678362573099415,1.15760368046513e-4
hsa05414,Dilated cardiomyopathy,19,3.7037037037037033,3.006080397978341e-4
hsa04612,Antigen processing and presentation,16,3.1189083820662766,8.500725845261301e-4
hsa05410,Hypertrophic cardiomyopathy,17,3.313840155945419,0.0011484972615904837
hsa05144,Malaria,11,2.144249512670565,0.007000682298496264
hsa04611,Platelet activation,18,3.508771929824561,0.01648176849105501
hsa05205,Proteoglycans in cancer,25,4.8732943469785575,0.01866188939578
hsa04514,Cell adhesion molecules,20,3.898635477582846,0.03755018598870134
